<?xml version="1.0" encoding="ISO-8859-1"?>
<doc>
    <node>
        <id>10.0.0.1</id>
        <neighbor ip="10.0.0.5">
            <weight>1.92</weight>
            <capacity>2.88</capacity>
        </neighbor>
        <neighbor ip="10.0.0.11">
            <weight>2.65</weight>
            <capacity>2.19</capacity>
        </neighbor>
        <neighbor ip="10.0.0.9">
            <weight>0.7</weight>
            <capacity>0.07</capacity>
        </neighbor>
    </node>
    <node>
        <id>10.0.0.2</id>
        <neighbor ip="10.0.0.5">
            <weight>0.19</weight>
            <capacity>1.63</capacity>
        </neighbor>
    </node>
    <node>
        <id>10.0.0.3</id>
        <neighbor ip="10.0.0.1">
            <weight>2.13</weight>
            <capacity>0.69</capacity>
        </neighbor>
        <neighbor ip="10.0.0.12">
            <weight>0.97</weight>
            <capacity>1.25</capacity>
        </neighbor>
        <neighbor ip="10.0.0.2">
            <weight>0.16</weight>
            <capacity>0.54</capacity>
        </neighbor>
    </node>
    <node>
        <id>10.0.0.4</id>
        <neighbor ip="10.0.0.12">
            <weight>1.14</weight>
            <capacity>0.32</capacity>
        </neighbor>
        <neighbor ip="10.0.0.14">
            <weight>1.67</weight>
            <capacity>0.61</capacity>
        </neighbor>
        <neighbor ip="10.0.0.7">
            <weight>2.9</weight>
            <capacity>0.93</capacity>
        </neighbor>
    </node>
    <node>
        <id>10.0.0.5</id>
        <neighbor ip="10.0.0.8">
            <weight>1.82</weight>
            <capacity>2.98</capacity>
        </neighbor>
        <neighbor ip="10.0.0.1">
            <weight>0.94</weight>
            <capacity>1.54</capacity>
        </neighbor>
    </node>
    <node>
        <id>10.0.0.6</id>
        <neighbor ip="10.0.0.14">
            <weight>1.84</weight>
            <capacity>1.45</capacity>
        </neighbor>
        <neighbor ip="10.0.0.5">
            <weight>0.64</weight>
            <capacity>1.86</capacity>
        </neighbor>
        <neighbor ip="10.0.0.13">
            <weight>2.14</weight>
            <capacity>2.22</capacity>
        </neighbor>
    </node>
    <node>
        <id>10.0.0.7</id>
        <neighbor ip="10.0.0.3">
            <weight>1.4</weight>
            <capacity>1.42</capacity>
        </neighbor>
        <neighbor ip="10.0.0.5">
            <weight>0.23</weight>
            <capacity>0.37</capacity>
        </neighbor>
        <neighbor ip="10.0.0.14">
            <weight>2.29</weight>
            <capacity>1.37</capacity>
        </neighbor>
    </node>
    <node>
        <id>10.0.0.8</id>
        <neighbor ip="10.0.0.2">
            <weight>1.67</weight>
            <capacity>2.69</capacity>
        </neighbor>
        <neighbor ip="10.0.0.13">
            <weight>2.09</weight>
            <capacity>2.02</capacity>
        </neighbor>
    </node>
    <node>
        <id>10.0.0.9</id>
        <neighbor ip="10.0.0.11">
            <weight>1.98</weight>
            <capacity>1.45</capacity>
        </neighbor>
        <neighbor ip="10.0.0.14">
            <weight>2.69</weight>
            <capacity>2.78</capacity>
        </neighbor>
        <neighbor ip="10.0.0.6">
            <weight>2.25</weight>
            <capacity>0.23</capacity>
        </neighbor>
    </node>
    <node>
        <id>10.0.0.10</id>
        <neighbor ip="10.0.0.4">
            <weight>2.81</weight>
            <capacity>1.65</capacity>
        </neighbor>
        <neighbor ip="10.0.0.1">
            <weight>2.22</weight>
            <capacity>2.77</capacity>
        </neighbor>
        <neighbor ip="10.0.0.14">
            <weight>0.31</weight>
            <capacity>1.25</capacity>
        </neighbor>
    </node>
    <node>
        <id>10.0.0.11</id>
        <neighbor ip="10.0.0.10">
            <weight>1.61</weight>
            <capacity>2.01</capacity>
        </neighbor>
        <neighbor ip="10.0.0.1">
            <weight>2.12</weight>
            <capacity>2.77</capacity>
        </neighbor>
    </node>
    <node>
        <id>10.0.0.12</id>
        <neighbor ip="10.0.0.10">
            <weight>2.62</weight>
            <capacity>0.66</capacity>
        </neighbor>
    </node>
    <node>
        <id>10.0.0.13</id>
        <neighbor ip="10.0.0.8">
            <weight>0.88</weight>
            <capacity>1.44</capacity>
        </neighbor>
        <neighbor ip="10.0.0.11">
            <weight>0.76</weight>
            <capacity>1.1</capacity>
        </neighbor>
        <neighbor ip="10.0.0.1">
            <weight>1.79</weight>
            <capacity>0.41</capacity>
        </neighbor>
    </node>
    <node>
        <id>10.0.0.14</id>
        <neighbor ip="10.0.0.6">
            <weight>0.32</weight>
            <capacity>2.92</capacity>
        </neighbor>
        <neighbor ip="10.0.0.13">
            <weight>2.75</weight>
            <capacity>0.69</capacity>
        </neighbor>
    </node>
    <node>
        <id>10.0.0.15</id>
        <neighbor ip="10.0.0.5">
            <weight>1.7</weight>
            <capacity>2.52</capacity>
        </neighbor>
        <neighbor ip="10.0.0.10">
            <weight>0.52</weight>
            <capacity>1.99</capacity>
        </neighbor>
        <neighbor ip="10.0.0.3">
            <weight>1.61</weight>
            <capacity>1.53</capacity>
        </neighbor>
    </node>
</doc>
